file_name,predicted_time,predicted_species,predicted_prob
Noctule.wav,5,Envsp,0.984
Noctule.wav,20,Envsp,0.909
Noctule.wav,35,Envsp,0.986
Noctule.wav,47,Envsp,1.0
Noctule.wav,50,Envsp,1.0
Noctule.wav,64,Envsp,0.996
Noctule.wav,77,Envsp,0.967
Noctule.wav,89,Envsp,0.744
Noctule.wav,92,Envsp,0.951
Noctule.wav,104,Envsp,0.963
Noctule.wav,112,Envsp,0.935
Noctule.wav,135,Envsp,0.974
Noctule.wav,167,Envsp,0.708
Noctule.wav,182,Envsp,0.863
Noctule.wav,200,Envsp,0.917
Noctule.wav,210,Envsp,0.917
Noctule.wav,224,Envsp,0.917
Noctule.wav,234,Envsp,0.917
Noctule.wav,240,Envsp,0.917
Noctule.wav,250,Envsp,0.901
Noctule.wav,255,Envsp,0.901
Noctule.wav,260,Envsp,0.901
Noctule.wav,270,Envsp,0.901
Noctule.wav,289,Envsp,0.897
